{
  "results": [
    {
      "item": {
        "title": "task",
        "duration": "5 days",
        "percentComplete": "1",
        "start": "01/01/2009",
        "finish": "01/05/2009",
        "effortDriven": "Thu, 07 Apr 2016 00:32:28 -0400"
      }
    },
    {
      "item": {
        "title": "task",
        "duration": "6 days",
        "percentComplete": "2",
        "start": "01/01/2010",
        "finish": "01/05/2010",
        "effortDriven": "Thu, 07 Apr 2016 00:32:28 -0401"
      }
    },
    {
      "item": {
        "title": "task",
        "duration": "7 days",
        "percentComplete": "3",
        "start": "01/01/2011",
        "finish": "01/05/2011",
        "effortDriven": "Thu, 07 Apr 2016 00:32:28 -0402"
      }
    },
    {
      "item": {
        "title": "task",
        "duration": "8 days",
        "percentComplete": "4",
        "start": "01/01/2012",
        "finish": "01/05/2012",
        "effortDriven": "Thu, 07 Apr 2016 00:32:28 -0403"
      }
    },
    {
      "item": {
        "title": "task",
        "duration": "9 days",
        "percentComplete": "5",
        "start": "01/01/2013",
        "finish": "01/05/2013",
        "effortDriven": "Thu, 07 Apr 2016 00:32:28 -0404"
      }
    },
    {
      "item": {
        "title": "task",
        "duration": "10 days",
        "percentComplete": "6",
        "start": "01/01/2014",
        "finish": "01/05/2014",
        "effortDriven": "Thu, 07 Apr 2016 00:32:28 -0405"
      }
    },
    {
      "item": {
        "title": "task",
        "duration": "11 days",
        "percentComplete": "7",
        "start": "01/01/2015",
        "finish": "01/05/2015",
        "effortDriven": "Thu, 07 Apr 2016 00:32:28 -0406"
      }
    },
    {
      "item": {
        "title": "task",
        "duration": "12 days",
        "percentComplete": "8",
        "start": "01/01/2016",
        "finish": "01/05/2016",
        "effortDriven": "Thu, 07 Apr 2016 00:32:28 -0407"
      }
    },
    {
      "item": {
        "title": "task",
        "duration": "13 days",
        "percentComplete": "9",
        "start": "01/01/2017",
        "finish": "01/05/2017",
        "effortDriven": "Thu, 07 Apr 2016 00:32:28 -0408"
      }
    },
    {
      "item": {
        "title": "task",
        "duration": "14 days",
        "percentComplete": "10",
        "start": "01/01/2018",
        "finish": "01/05/2018",
        "effortDriven": "Thu, 07 Apr 2016 00:32:28 -0409"
      }
    },
    {
      "item": {
        "title": "task",
        "duration": "15 days",
        "percentComplete": "11",
        "start": "01/01/2019",
        "finish": "01/05/2019",
        "effortDriven": "Thu, 07 Apr 2016 00:32:28 -0410"
      }
    },
    {
      "item": {
        "title": "task",
        "duration": "16 days",
        "percentComplete": "12",
        "start": "01/01/2020",
        "finish": "01/05/2020",
        "effortDriven": "Thu, 07 Apr 2016 00:32:28 -0411"
      }
    },
    {
      "item": {
        "title": "task",
        "duration": "17 days",
        "percentComplete": "13",
        "start": "01/01/2021",
        "finish": "01/05/2021",
        "effortDriven": "Thu, 07 Apr 2016 00:32:28 -0412"
      }
    },
    {
      "item": {
        "title": "task",
        "duration": "18 days",
        "percentComplete": "14",
        "start": "01/01/2022",
        "finish": "01/05/2022",
        "effortDriven": "Thu, 07 Apr 2016 00:32:28 -0413"
      }
    },
    {
      "item": {
        "title": "task",
        "duration": "19 days",
        "percentComplete": "15",
        "start": "01/01/2023",
        "finish": "01/05/2023",
        "effortDriven": "Thu, 07 Apr 2016 00:32:28 -0414"
      }
    },
    {
      "item": {
        "title": "task",
        "duration": "20 days",
        "percentComplete": "16",
        "start": "01/01/2024",
        "finish": "01/05/2024",
        "effortDriven": "Thu, 07 Apr 2016 00:32:28 -0415"
      }
    },
    {
      "item": {
        "title": "task",
        "duration": "21 days",
        "percentComplete": "17",
        "start": "01/01/2025",
        "finish": "01/05/2025",
        "effortDriven": "Thu, 07 Apr 2016 00:32:28 -0416"
      }
    },
    {
      "item": {
        "title": "task",
        "duration": "22 days",
        "percentComplete": "18",
        "start": "01/01/2026",
        "finish": "01/05/2026",
        "effortDriven": "Thu, 07 Apr 2016 00:32:28 -0417"
      }
    },
    {
      "item": {
        "title": "task",
        "duration": "23 days",
        "percentComplete": "19",
        "start": "01/01/2027",
        "finish": "01/05/2027",
        "effortDriven": "Thu, 07 Apr 2016 00:32:28 -0418"
      }
    },
    {
      "item": {
        "title": "task",
        "duration": "24 days",
        "percentComplete": "20",
        "start": "01/01/2028",
        "finish": "01/05/2028",
        "effortDriven": "Thu, 07 Apr 2016 00:32:28 -0419"
      }
    },
    {
      "item": {
        "title": "task",
        "duration": "25 days",
        "percentComplete": "21",
        "start": "01/01/2029",
        "finish": "01/05/2029",
        "effortDriven": "Thu, 07 Apr 2016 00:32:28 -0420"
      }
    },
    {
      "item": {
        "title": "task",
        "duration": "26 days",
        "percentComplete": "22",
        "start": "01/01/2030",
        "finish": "01/05/2030",
        "effortDriven": "Thu, 07 Apr 2016 00:32:28 -0421"
      }
    },
    {
      "item": {
        "title": "task",
        "duration": "27 days",
        "percentComplete": "23",
        "start": "01/01/2031",
        "finish": "01/05/2031",
        "effortDriven": "Thu, 07 Apr 2016 00:32:28 -0422"
      }
    },
    {
      "item": {
        "title": "task",
        "duration": "28 days",
        "percentComplete": "24",
        "start": "01/01/2032",
        "finish": "01/05/2032",
        "effortDriven": "Thu, 07 Apr 2016 00:32:28 -0423"
      }
    },
    {
      "item": {
        "title": "task",
        "duration": "29 days",
        "percentComplete": "25",
        "start": "01/01/2033",
        "finish": "01/05/2033",
        "effortDriven": "Thu, 07 Apr 2016 00:32:28 -0424"
      }
    },
    {
      "item": {
        "title": "task",
        "duration": "30 days",
        "percentComplete": "26",
        "start": "01/01/2034",
        "finish": "01/05/2034",
        "effortDriven": "Thu, 07 Apr 2016 00:32:28 -0425"
      }
    },
    {
      "item": {
        "title": "task",
        "duration": "31 days",
        "percentComplete": "27",
        "start": "01/01/2035",
        "finish": "01/05/2035",
        "effortDriven": "Thu, 07 Apr 2016 00:32:28 -0426"
      }
    },
    {
      "item": {
        "title": "task",
        "duration": "32 days",
        "percentComplete": "28",
        "start": "01/01/2036",
        "finish": "01/05/2036",
        "effortDriven": "Thu, 07 Apr 2016 00:32:28 -0427"
      }
    },
    {
      "item": {
        "title": "task",
        "duration": "33 days",
        "percentComplete": "29",
        "start": "01/01/2037",
        "finish": "01/05/2037",
        "effortDriven": "Thu, 07 Apr 2016 00:32:28 -0428"
      }
    },
    {
      "item": {
        "title": "task",
        "duration": "34 days",
        "percentComplete": "30",
        "start": "01/01/2038",
        "finish": "01/05/2038",
        "effortDriven": "Thu, 07 Apr 2016 00:32:28 -0429"
      }
    },
    {
      "item": {
        "title": "task",
        "duration": "35 days",
        "percentComplete": "31",
        "start": "01/01/2039",
        "finish": "01/05/2039",
        "effortDriven": "Thu, 07 Apr 2016 00:32:28 -0430"
      }
    },
    {
      "item": {
        "title": "task",
        "duration": "36 days",
        "percentComplete": "32",
        "start": "01/01/2040",
        "finish": "01/05/2040",
        "effortDriven": "Thu, 07 Apr 2016 00:32:28 -0431"
      }
    },
    {
      "item": {
        "title": "task",
        "duration": "37 days",
        "percentComplete": "33",
        "start": "01/01/2041",
        "finish": "01/05/2041",
        "effortDriven": "Thu, 07 Apr 2016 00:32:28 -0432"
      }
    },
    {
      "item": {
        "title": "task",
        "duration": "38 days",
        "percentComplete": "34",
        "start": "01/01/2042",
        "finish": "01/05/2042",
        "effortDriven": "Thu, 07 Apr 2016 00:32:28 -0433"
      }
    },
    {
      "item": {
        "title": "task",
        "duration": "39 days",
        "percentComplete": "35",
        "start": "01/01/2043",
        "finish": "01/05/2043",
        "effortDriven": "Thu, 07 Apr 2016 00:32:28 -0434"
      }
    },
    {
      "item": {
        "title": "task",
        "duration": "40 days",
        "percentComplete": "36",
        "start": "01/01/2044",
        "finish": "01/05/2044",
        "effortDriven": "Thu, 07 Apr 2016 00:32:28 -0435"
      }
    },
    {
      "item": {
        "title": "task",
        "duration": "41 days",
        "percentComplete": "37",
        "start": "01/01/2045",
        "finish": "01/05/2045",
        "effortDriven": "Thu, 07 Apr 2016 00:32:28 -0436"
      }
    },
    {
      "item": {
        "title": "task",
        "duration": "42 days",
        "percentComplete": "38",
        "start": "01/01/2046",
        "finish": "01/05/2046",
        "effortDriven": "Thu, 07 Apr 2016 00:32:28 -0437"
      }
    },
    {
      "item": {
        "title": "task",
        "duration": "43 days",
        "percentComplete": "39",
        "start": "01/01/2047",
        "finish": "01/05/2047",
        "effortDriven": "Thu, 07 Apr 2016 00:32:28 -0438"
      }
    },
    {
      "item": {
        "title": "task",
        "duration": "44 days",
        "percentComplete": "40",
        "start": "01/01/2048",
        "finish": "01/05/2048",
        "effortDriven": "Thu, 07 Apr 2016 00:32:28 -0439"
      }
    },
    {
      "item": {
        "title": "task",
        "duration": "45 days",
        "percentComplete": "41",
        "start": "01/01/2049",
        "finish": "01/05/2049",
        "effortDriven": "Thu, 07 Apr 2016 00:32:28 -0440"
      }
    },
    {
      "item": {
        "title": "task",
        "duration": "46 days",
        "percentComplete": "42",
        "start": "01/01/2050",
        "finish": "01/05/2050",
        "effortDriven": "Thu, 07 Apr 2016 00:32:28 -0441"
      }
    },
    {
      "item": {
        "title": "task",
        "duration": "47 days",
        "percentComplete": "43",
        "start": "01/01/2051",
        "finish": "01/05/2051",
        "effortDriven": "Thu, 07 Apr 2016 00:32:28 -0442"
      }
    },
    {
      "item": {
        "title": "task",
        "duration": "48 days",
        "percentComplete": "44",
        "start": "01/01/2052",
        "finish": "01/05/2052",
        "effortDriven": "Thu, 07 Apr 2016 00:32:28 -0443"
      }
    },
    {
      "item": {
        "title": "task",
        "duration": "49 days",
        "percentComplete": "45",
        "start": "01/01/2053",
        "finish": "01/05/2053",
        "effortDriven": "Thu, 07 Apr 2016 00:32:28 -0444"
      }
    },
    {
      "item": {
        "title": "task",
        "duration": "50 days",
        "percentComplete": "46",
        "start": "01/01/2054",
        "finish": "01/05/2054",
        "effortDriven": "Thu, 07 Apr 2016 00:32:28 -0445"
      }
    },
    {
      "item": {
        "title": "task",
        "duration": "51 days",
        "percentComplete": "47",
        "start": "01/01/2055",
        "finish": "01/05/2055",
        "effortDriven": "Thu, 07 Apr 2016 00:32:28 -0446"
      }
    },
    {
      "item": {
        "title": "task",
        "duration": "52 days",
        "percentComplete": "48",
        "start": "01/01/2056",
        "finish": "01/05/2056",
        "effortDriven": "Thu, 07 Apr 2016 00:32:28 -0447"
      }
    },
    {
      "item": {
        "title": "task",
        "duration": "53 days",
        "percentComplete": "49",
        "start": "01/01/2057",
        "finish": "01/05/2057",
        "effortDriven": "Thu, 07 Apr 2016 00:32:28 -0448"
      }
    },
    {
      "item": {
        "title": "task",
        "duration": "54 days",
        "percentComplete": "50",
        "start": "01/01/2058",
        "finish": "01/05/2058",
        "effortDriven": "Thu, 07 Apr 2016 00:32:28 -0449"
      }
    }
  ]
}